,User ID,Restaurant ID,Ratings,Food,Service,Value for money,Atmosphere
0,1.0,1.0,4.0,4.0,3.0,5.0,4.0
1,2.0,2.0,5.0,5.0,5.0,4.0,5.0
2,3.0,3.0,4.5,5.0,4.0,4.0,4.0
3,4.0,4.0,4.5,4.0,4.0,5.0,4.0
4,5.0,5.0,2.5,5.0,3.0,1.0,1.0
5,6.0,6.0,4.0,3.0,4.0,4.0,5.0
6,305.0,7.0,3.5,4.0,4.0,1.0,4.0
7,306.0,8.0,3.5,4.0,1.0,4.0,4.0
8,324.0,9.0,4.5,5.0,5.0,4.0,3.0
9,353.0,10.0,3.5,3.0,4.0,4.0,2.0
10,354.0,11.0,4.0,2.0,4.0,5.0,5.0
11,389.0,12.0,4.0,2.0,4.0,5.0,4.0
12,390.0,13.0,4.5,5.0,2.0,5.0,5.0
13,391.0,14.0,4.0,3.0,3.0,5.0,4.0
14,394.0,17.0,3.0,1.0,4.0,4.0,3.0
15,395.0,18.0,4.5,2.0,5.0,5.0,5.0
16,396.0,19.0,4.0,4.0,5.0,3.0,4.0
17,397.0,20.0,3.5,4.0,3.0,3.0,4.0
18,398.0,21.0,3.5,3.0,4.0,5.0,2.0
19,399.0,22.0,3.5,3.0,5.0,1.0,5.0
20,400.0,23.0,4.0,4.0,5.0,3.0,4.0
21,401.0,24.0,4.5,5.0,4.0,4.0,5.0
22,402.0,25.0,4.5,4.0,4.0,4.0,5.0
23,403.0,26.0,4.5,4.0,5.0,4.0,4.0
24,404.0,27.0,5.0,5.0,5.0,4.0,5.0
25,405.0,28.0,3.5,2.0,3.0,4.0,4.0
26,603.0,29.0,4.0,4.0,4.0,4.0,3.0
27,606.0,30.0,3.5,4.0,2.0,3.0,4.0
28,614.0,31.0,3.5,2.0,4.0,4.0,4.0
29,557.0,32.0,4.0,5.0,4.0,3.0,4.0
30,558.0,33.0,3.5,4.0,5.0,3.0,1.0
31,565.0,34.0,3.0,3.0,2.0,3.0,4.0
32,584.0,35.0,3.0,2.0,4.0,5.0,1.0
33,585.0,36.0,3.5,4.0,1.0,5.0,4.0
34,39.0,39.0,4.0,4.0,4.0,5.0,2.0
35,40.0,40.0,4.5,5.0,4.0,4.0,5.0
36,41.0,41.0,4.5,5.0,5.0,4.0,4.0
37,42.0,42.0,4.5,4.0,5.0,4.0,5.0
38,44.0,44.0,3.5,5.0,1.0,4.0,3.0
39,45.0,45.0,4.5,5.0,5.0,3.0,5.0
40,46.0,46.0,4.5,4.0,5.0,5.0,4.0
41,47.0,47.0,3.5,3.0,5.0,5.0,1.0
42,48.0,48.0,4.0,1.0,5.0,4.0,5.0
43,49.0,49.0,3.5,4.0,3.0,5.0,2.0
44,50.0,50.0,4.0,5.0,4.0,5.0,2.0
45,52.0,52.0,5.0,5.0,4.0,5.0,5.0
46,54.0,54.0,3.5,2.0,3.0,4.0,4.0
47,55.0,55.0,4.0,5.0,5.0,5.0,1.0
48,56.0,56.0,3.5,3.0,5.0,3.0,3.0
49,59.0,59.0,4.5,3.0,4.0,5.0,5.0
50,60.0,60.0,3.0,2.0,3.0,4.0,3.0
51,61.0,61.0,4.5,5.0,5.0,4.0,3.0
52,63.0,63.0,4.5,5.0,5.0,4.0,4.0
53,64.0,64.0,4.0,4.0,1.0,5.0,5.0
54,65.0,65.0,4.0,4.0,5.0,5.0,1.0
55,66.0,66.0,4.5,5.0,4.0,4.0,5.0
56,67.0,67.0,2.5,3.0,2.0,1.0,4.0
57,68.0,68.0,4.0,2.0,5.0,4.0,4.0
58,69.0,69.0,3.5,1.0,4.0,5.0,4.0
59,70.0,70.0,4.0,5.0,3.0,4.0,4.0
60,71.0,71.0,5.0,5.0,5.0,4.0,5.0
61,72.0,72.0,3.5,3.0,3.0,4.0,3.0
62,73.0,73.0,3.5,5.0,4.0,3.0,2.0
63,75.0,75.0,4.0,4.0,5.0,5.0,2.0
64,77.0,77.0,4.5,4.0,5.0,5.0,4.0
65,78.0,78.0,3.5,5.0,4.0,1.0,4.0
66,79.0,79.0,4.0,3.0,4.0,4.0,4.0
67,80.0,80.0,4.5,4.0,4.0,4.0,5.0
68,305.0,81.0,3.5,4.0,1.0,4.0,5.0
69,306.0,82.0,4.5,5.0,4.0,5.0,4.0
70,324.0,83.0,4.5,4.0,4.0,5.0,4.0
71,353.0,84.0,4.0,2.0,5.0,4.0,4.0
72,389.0,86.0,3.5,4.0,4.0,1.0,5.0
73,390.0,87.0,3.0,3.0,1.0,4.0,4.0
74,391.0,88.0,4.5,5.0,4.0,4.0,5.0
75,392.0,89.0,4.5,4.0,5.0,5.0,4.0
76,393.0,90.0,4.5,4.0,4.0,5.0,5.0
77,394.0,91.0,4.5,5.0,4.0,4.0,4.0
78,395.0,92.0,4.0,5.0,4.0,4.0,3.0
79,396.0,93.0,4.5,4.0,5.0,5.0,3.0
80,397.0,94.0,3.5,2.0,4.0,4.0,4.0
81,399.0,96.0,4.0,5.0,4.0,3.0,3.0
82,400.0,97.0,3.0,1.0,4.0,3.0,4.0
83,401.0,98.0,4.0,5.0,3.0,3.0,5.0
84,402.0,99.0,4.0,1.0,5.0,4.0,5.0
85,403.0,100.0,4.5,4.0,5.0,5.0,4.0
86,404.0,101.0,4.0,5.0,3.0,4.0,4.0
87,405.0,102.0,4.5,4.0,4.0,4.0,5.0
88,603.0,103.0,4.5,5.0,4.0,4.0,5.0
89,606.0,104.0,4.5,5.0,5.0,4.0,3.0
90,614.0,105.0,4.0,4.0,5.0,5.0,2.0
91,557.0,106.0,4.5,5.0,4.0,4.0,5.0
92,565.0,108.0,4.0,4.0,4.0,5.0,3.0
93,635.0,111.0,5.0,5.0,4.0,5.0,5.0
94,636.0,112.0,3.0,1.0,4.0,5.0,1.0
95,113.0,113.0,4.5,5.0,4.0,4.0,4.0
96,114.0,114.0,4.5,5.0,5.0,4.0,4.0
97,115.0,115.0,3.0,5.0,4.0,1.0,2.0
98,116.0,116.0,4.5,5.0,4.0,4.0,4.0
99,117.0,117.0,4.5,4.0,4.0,5.0,4.0
100,118.0,118.0,4.0,1.0,5.0,5.0,5.0
101,119.0,119.0,5.0,5.0,5.0,4.0,5.0
102,120.0,120.0,5.0,5.0,4.0,5.0,5.0
103,121.0,121.0,4.5,3.0,4.0,5.0,5.0
104,122.0,122.0,4.0,4.0,2.0,4.0,5.0
105,123.0,123.0,4.0,4.0,4.0,4.0,3.0
106,125.0,125.0,3.5,4.0,4.0,2.0,4.0
107,126.0,126.0,4.5,5.0,4.0,4.0,4.0
108,128.0,128.0,5.0,4.0,5.0,5.0,5.0
109,129.0,129.0,3.5,4.0,3.0,4.0,3.0
110,130.0,130.0,3.5,4.0,3.0,2.0,5.0
111,132.0,132.0,3.5,3.0,1.0,5.0,5.0
112,133.0,133.0,4.5,4.0,5.0,4.0,4.0
113,135.0,135.0,5.0,5.0,4.0,5.0,5.0
114,136.0,136.0,4.5,5.0,4.0,3.0,5.0
115,138.0,138.0,4.5,2.0,5.0,5.0,5.0
116,139.0,139.0,2.5,1.0,3.0,4.0,2.0
117,140.0,140.0,4.0,4.0,4.0,5.0,3.0
118,141.0,141.0,4.0,4.0,4.0,4.0,4.0
119,142.0,142.0,4.5,5.0,4.0,4.0,4.0
120,143.0,143.0,4.5,5.0,5.0,5.0,2.0
121,144.0,144.0,4.5,5.0,3.0,4.0,5.0
122,145.0,145.0,4.5,5.0,4.0,4.0,4.0
123,146.0,146.0,4.0,4.0,4.0,5.0,3.0
124,147.0,147.0,3.5,5.0,1.0,4.0,4.0
125,148.0,148.0,4.5,5.0,4.0,5.0,4.0
126,149.0,149.0,4.5,5.0,4.0,3.0,5.0
127,151.0,151.0,4.5,4.0,5.0,4.0,5.0
128,153.0,153.0,3.0,3.0,3.0,2.0,4.0
129,154.0,154.0,3.5,5.0,3.0,2.0,4.0
130,156.0,156.0,3.5,5.0,1.0,4.0,3.0
131,157.0,157.0,4.5,5.0,4.0,4.0,5.0
132,158.0,158.0,5.0,5.0,5.0,5.0,4.0
133,305.0,159.0,5.0,5.0,5.0,4.0,5.0
134,306.0,160.0,4.0,5.0,4.0,3.0,3.0
135,324.0,161.0,4.0,4.0,5.0,3.0,4.0
136,354.0,163.0,3.0,3.0,3.0,4.0,2.0
137,390.0,165.0,3.5,4.0,3.0,4.0,2.0
138,391.0,166.0,5.0,4.0,5.0,5.0,5.0
139,393.0,168.0,4.0,5.0,1.0,5.0,4.0
140,395.0,170.0,4.5,4.0,3.0,5.0,5.0
141,396.0,171.0,4.0,4.0,4.0,4.0,4.0
142,397.0,172.0,4.0,3.0,3.0,5.0,5.0
143,398.0,173.0,4.5,5.0,4.0,4.0,4.0
144,399.0,174.0,4.5,5.0,4.0,4.0,4.0
145,402.0,177.0,3.0,3.0,3.0,5.0,1.0
146,403.0,178.0,4.5,5.0,5.0,5.0,2.0
147,404.0,179.0,4.5,5.0,4.0,4.0,5.0
148,405.0,180.0,4.0,4.0,4.0,3.0,5.0
149,603.0,181.0,5.0,4.0,5.0,5.0,5.0
150,606.0,182.0,3.5,1.0,4.0,5.0,3.0
151,614.0,183.0,4.0,4.0,3.0,5.0,3.0
152,565.0,186.0,4.0,1.0,4.0,5.0,5.0
153,584.0,187.0,4.5,4.0,4.0,5.0,5.0
154,585.0,188.0,4.5,4.0,5.0,4.0,5.0
155,635.0,189.0,4.0,5.0,1.0,5.0,4.0
156,636.0,190.0,3.5,4.0,5.0,1.0,4.0
157,191.0,191.0,4.5,4.0,4.0,4.0,5.0
158,192.0,192.0,4.5,5.0,4.0,4.0,4.0
159,194.0,194.0,4.0,5.0,5.0,4.0,1.0
160,195.0,195.0,4.0,4.0,5.0,5.0,1.0
161,196.0,196.0,4.5,5.0,5.0,4.0,4.0
162,197.0,197.0,4.5,4.0,4.0,4.0,5.0
163,198.0,198.0,4.5,5.0,5.0,3.0,4.0
164,199.0,199.0,3.5,1.0,4.0,3.0,5.0
165,200.0,200.0,3.5,5.0,3.0,1.0,5.0
166,201.0,201.0,3.0,4.0,3.0,1.0,3.0
167,202.0,202.0,4.0,4.0,4.0,4.0,4.0
168,203.0,203.0,4.0,5.0,4.0,3.0,4.0
169,204.0,204.0,4.0,4.0,3.0,4.0,4.0
170,205.0,205.0,4.0,5.0,4.0,5.0,1.0
171,206.0,206.0,4.5,5.0,4.0,5.0,4.0
172,207.0,207.0,4.0,3.0,4.0,4.0,4.0
173,208.0,208.0,4.5,2.0,5.0,5.0,5.0
174,209.0,209.0,4.5,4.0,4.0,5.0,5.0
175,210.0,210.0,4.5,5.0,5.0,3.0,4.0
176,211.0,211.0,3.0,4.0,5.0,1.0,2.0
177,212.0,212.0,4.5,2.0,5.0,5.0,5.0
178,213.0,213.0,4.5,3.0,5.0,4.0,5.0
179,214.0,214.0,5.0,5.0,5.0,5.0,4.0
180,215.0,215.0,4.5,5.0,5.0,3.0,4.0
181,216.0,216.0,4.5,4.0,4.0,4.0,5.0
182,217.0,217.0,5.0,4.0,5.0,5.0,5.0
183,218.0,218.0,4.0,4.0,3.0,5.0,4.0
184,220.0,220.0,4.0,5.0,4.0,5.0,1.0
185,221.0,221.0,3.5,1.0,5.0,4.0,4.0
186,222.0,222.0,4.0,2.0,4.0,5.0,4.0
187,225.0,225.0,3.0,3.0,4.0,4.0,1.0
188,226.0,226.0,4.5,4.0,5.0,4.0,5.0
189,227.0,227.0,4.5,4.0,4.0,4.0,5.0
190,228.0,228.0,4.5,4.0,4.0,4.0,5.0
191,230.0,230.0,4.0,4.0,4.0,4.0,3.0
192,231.0,231.0,4.0,4.0,4.0,4.0,4.0
193,232.0,232.0,5.0,4.0,5.0,5.0,5.0
194,233.0,233.0,4.0,5.0,4.0,2.0,4.0
195,234.0,234.0,4.0,4.0,4.0,3.0,4.0
196,235.0,235.0,4.5,4.0,4.0,5.0,5.0
197,236.0,236.0,4.5,5.0,4.0,5.0,4.0
198,237.0,237.0,5.0,5.0,5.0,4.0,5.0
199,238.0,238.0,4.5,4.0,4.0,5.0,4.0
200,239.0,239.0,4.5,4.0,4.0,5.0,4.0
201,240.0,240.0,4.0,5.0,5.0,4.0,1.0
202,241.0,241.0,3.5,5.0,3.0,1.0,5.0
203,242.0,242.0,5.0,5.0,5.0,5.0,5.0
204,243.0,243.0,3.5,1.0,4.0,3.0,5.0
205,244.0,244.0,4.5,4.0,5.0,4.0,4.0
206,245.0,245.0,2.5,1.0,3.0,1.0,5.0
207,246.0,246.0,4.0,3.0,5.0,4.0,4.0
208,247.0,247.0,4.5,4.0,4.0,4.0,5.0
209,248.0,248.0,4.5,5.0,5.0,4.0,4.0
210,250.0,250.0,4.0,5.0,4.0,4.0,2.0
211,252.0,252.0,4.0,4.0,5.0,2.0,4.0
212,253.0,253.0,4.5,4.0,4.0,4.0,5.0
213,254.0,254.0,4.0,3.0,4.0,4.0,5.0
214,255.0,255.0,4.5,3.0,4.0,5.0,5.0
215,256.0,256.0,3.5,3.0,5.0,2.0,4.0
216,258.0,258.0,3.5,5.0,2.0,2.0,5.0
217,259.0,259.0,4.5,4.0,4.0,5.0,4.0
218,260.0,260.0,4.0,5.0,4.0,3.0,4.0
219,261.0,261.0,4.5,5.0,3.0,5.0,5.0
220,262.0,262.0,3.5,3.0,4.0,2.0,5.0
221,263.0,263.0,3.0,5.0,2.0,1.0,3.0
222,265.0,265.0,3.5,1.0,5.0,4.0,4.0
223,266.0,266.0,4.5,5.0,4.0,4.0,5.0
224,267.0,267.0,4.0,5.0,4.0,4.0,3.0
225,268.0,268.0,3.0,3.0,4.0,1.0,4.0
226,269.0,269.0,4.0,3.0,5.0,4.0,4.0
227,271.0,271.0,3.5,1.0,4.0,3.0,5.0
228,272.0,272.0,5.0,5.0,5.0,5.0,4.0
229,273.0,273.0,4.5,5.0,4.0,4.0,4.0
230,274.0,274.0,4.0,5.0,5.0,1.0,5.0
231,275.0,275.0,4.0,4.0,5.0,2.0,4.0
232,276.0,276.0,5.0,5.0,5.0,5.0,5.0
233,278.0,278.0,4.5,4.0,4.0,5.0,4.0
234,279.0,279.0,4.0,3.0,4.0,5.0,4.0
235,280.0,280.0,4.0,5.0,4.0,2.0,4.0
236,281.0,281.0,4.0,4.0,4.0,4.0,4.0
237,282.0,282.0,4.5,4.0,5.0,4.0,4.0
238,283.0,283.0,4.5,5.0,4.0,5.0,4.0
239,284.0,284.0,4.0,3.0,5.0,4.0,4.0
240,286.0,286.0,4.0,4.0,5.0,1.0,5.0
241,288.0,288.0,4.5,2.0,5.0,5.0,5.0
242,289.0,289.0,4.5,5.0,5.0,4.0,4.0
243,290.0,290.0,4.0,1.0,5.0,5.0,5.0
244,291.0,291.0,2.5,4.0,1.0,4.0,1.0
245,292.0,292.0,4.5,5.0,4.0,4.0,4.0
246,293.0,293.0,4.0,4.0,5.0,2.0,4.0
247,294.0,294.0,4.5,5.0,5.0,4.0,4.0
248,296.0,296.0,4.5,4.0,5.0,4.0,4.0
249,297.0,297.0,4.0,4.0,4.0,4.0,4.0
250,298.0,298.0,4.0,4.0,4.0,4.0,4.0
251,299.0,299.0,4.0,5.0,2.0,4.0,4.0
252,300.0,300.0,4.5,4.0,5.0,3.0,5.0
253,301.0,301.0,4.5,4.0,4.0,5.0,4.0
254,302.0,302.0,4.0,4.0,3.0,4.0,4.0
255,303.0,303.0,5.0,4.0,5.0,5.0,5.0
256,304.0,304.0,4.5,5.0,5.0,5.0,3.0
257,305.0,305.0,3.5,4.0,2.0,5.0,2.0
258,306.0,306.0,4.5,4.0,4.0,4.0,5.0
259,308.0,308.0,4.5,5.0,4.0,5.0,3.0
260,309.0,309.0,4.5,5.0,4.0,5.0,4.0
261,310.0,310.0,4.0,5.0,3.0,5.0,3.0
262,311.0,311.0,5.0,5.0,4.0,5.0,5.0
263,312.0,312.0,4.0,3.0,5.0,3.0,4.0
264,313.0,313.0,3.5,3.0,4.0,5.0,2.0
265,314.0,314.0,4.0,4.0,5.0,4.0,3.0
266,315.0,315.0,5.0,5.0,5.0,5.0,5.0
267,316.0,316.0,4.5,5.0,4.0,5.0,3.0
268,317.0,317.0,4.0,4.0,5.0,4.0,2.0
269,318.0,318.0,3.5,5.0,2.0,2.0,5.0
270,319.0,319.0,5.0,5.0,5.0,5.0,4.0
271,322.0,322.0,4.5,4.0,4.0,5.0,5.0
272,323.0,323.0,4.0,3.0,3.0,5.0,5.0
273,325.0,325.0,4.0,4.0,5.0,4.0,3.0
274,326.0,326.0,4.5,4.0,5.0,4.0,4.0
275,327.0,327.0,4.5,4.0,4.0,5.0,5.0
276,328.0,328.0,4.5,4.0,4.0,4.0,5.0
277,329.0,329.0,3.5,4.0,4.0,1.0,4.0
278,331.0,331.0,4.5,5.0,4.0,4.0,4.0
279,333.0,333.0,4.5,3.0,5.0,4.0,5.0
280,334.0,334.0,4.5,4.0,5.0,5.0,4.0
281,606.0,336.0,4.5,4.0,5.0,4.0,4.0
282,614.0,337.0,4.5,5.0,4.0,5.0,4.0
283,615.0,338.0,4.5,4.0,5.0,4.0,4.0
284,616.0,339.0,5.0,5.0,5.0,5.0,4.0
285,617.0,340.0,4.0,4.0,5.0,1.0,5.0
286,619.0,342.0,4.5,4.0,5.0,4.0,5.0
287,620.0,343.0,4.5,4.0,4.0,5.0,4.0
288,627.0,344.0,4.5,5.0,4.0,5.0,4.0
289,345.0,345.0,4.5,4.0,5.0,4.0,4.0
290,346.0,346.0,3.5,5.0,4.0,1.0,3.0
291,347.0,347.0,4.0,3.0,5.0,4.0,4.0
292,348.0,348.0,3.0,1.0,1.0,5.0,5.0
293,349.0,349.0,4.5,4.0,5.0,4.0,4.0
294,351.0,351.0,4.0,5.0,5.0,1.0,5.0
295,352.0,352.0,4.0,5.0,4.0,1.0,5.0
296,354.0,354.0,4.5,5.0,5.0,4.0,4.0
297,355.0,355.0,5.0,5.0,5.0,4.0,5.0
298,356.0,356.0,4.0,4.0,3.0,4.0,4.0
299,357.0,357.0,4.5,5.0,4.0,5.0,4.0
300,358.0,358.0,4.5,4.0,4.0,5.0,5.0
301,360.0,360.0,4.5,5.0,4.0,5.0,4.0
302,361.0,361.0,4.5,4.0,5.0,5.0,3.0
303,362.0,362.0,3.5,4.0,5.0,3.0,2.0
304,363.0,363.0,4.5,5.0,4.0,5.0,4.0
305,365.0,365.0,3.5,5.0,1.0,5.0,3.0
306,366.0,366.0,4.5,4.0,5.0,5.0,4.0
307,367.0,367.0,3.5,4.0,4.0,4.0,2.0
308,368.0,368.0,4.5,4.0,5.0,4.0,4.0
309,369.0,369.0,4.5,4.0,4.0,4.0,5.0
310,370.0,370.0,4.5,4.0,5.0,5.0,3.0
311,371.0,371.0,4.5,5.0,5.0,3.0,4.0
312,603.0,372.0,4.5,4.0,5.0,4.0,4.0
313,606.0,373.0,4.5,5.0,4.0,4.0,5.0
314,614.0,374.0,4.0,4.0,5.0,5.0,2.0
315,615.0,375.0,4.0,4.0,4.0,4.0,4.0
316,616.0,376.0,4.5,5.0,4.0,5.0,4.0
317,617.0,377.0,3.5,4.0,4.0,3.0,2.0
318,618.0,378.0,4.5,4.0,3.0,5.0,5.0
319,619.0,379.0,3.5,4.0,4.0,4.0,2.0
320,627.0,381.0,4.0,5.0,4.0,4.0,3.0
321,382.0,382.0,4.0,5.0,1.0,5.0,4.0
322,383.0,383.0,4.0,4.0,4.0,4.0,4.0
323,384.0,384.0,5.0,5.0,5.0,5.0,5.0
324,385.0,385.0,4.0,2.0,5.0,4.0,5.0
325,386.0,386.0,4.5,5.0,4.0,4.0,4.0
326,387.0,387.0,4.0,4.0,5.0,3.0,4.0
327,388.0,388.0,4.5,3.0,5.0,5.0,4.0
328,389.0,389.0,4.5,4.0,5.0,5.0,3.0
329,390.0,390.0,4.0,4.0,4.0,4.0,4.0
330,391.0,391.0,4.0,5.0,4.0,4.0,3.0
331,394.0,394.0,3.5,3.0,1.0,4.0,5.0
332,395.0,395.0,4.0,5.0,4.0,3.0,3.0
333,396.0,396.0,5.0,5.0,4.0,5.0,5.0
334,397.0,397.0,3.5,2.0,3.0,5.0,3.0
335,398.0,398.0,4.5,4.0,4.0,4.0,5.0
336,399.0,399.0,4.5,3.0,5.0,4.0,5.0
337,400.0,400.0,4.0,5.0,5.0,5.0,1.0
338,401.0,401.0,4.0,3.0,4.0,5.0,4.0
339,402.0,402.0,4.5,5.0,4.0,5.0,4.0
340,403.0,403.0,4.5,5.0,5.0,5.0,3.0
341,404.0,404.0,4.0,4.0,2.0,4.0,5.0
342,405.0,405.0,5.0,5.0,5.0,4.0,5.0
343,406.0,406.0,5.0,5.0,4.0,5.0,5.0
344,407.0,407.0,4.5,3.0,4.0,5.0,5.0
345,409.0,409.0,3.5,1.0,4.0,4.0,4.0
346,410.0,410.0,4.0,5.0,5.0,1.0,4.0
347,411.0,411.0,4.0,3.0,5.0,4.0,3.0
348,412.0,412.0,4.5,4.0,3.0,5.0,5.0
349,414.0,414.0,4.5,5.0,3.0,5.0,4.0
350,415.0,415.0,4.0,5.0,3.0,3.0,4.0
351,416.0,416.0,5.0,5.0,4.0,5.0,5.0
352,417.0,417.0,3.5,5.0,4.0,3.0,2.0
353,418.0,418.0,4.5,5.0,4.0,4.0,5.0
354,421.0,421.0,4.0,4.0,4.0,4.0,4.0
355,423.0,423.0,3.0,4.0,5.0,2.0,1.0
356,424.0,424.0,4.5,3.0,5.0,4.0,5.0
357,603.0,425.0,4.0,4.0,5.0,3.0,3.0
358,606.0,426.0,4.0,4.0,5.0,3.0,4.0
359,614.0,427.0,4.0,4.0,5.0,5.0,2.0
360,615.0,428.0,5.0,5.0,5.0,5.0,5.0
361,616.0,429.0,3.5,4.0,4.0,3.0,2.0
362,617.0,430.0,5.0,5.0,5.0,4.0,5.0
363,618.0,431.0,3.5,4.0,3.0,4.0,3.0
364,619.0,432.0,4.0,4.0,3.0,4.0,5.0
365,620.0,433.0,3.5,3.0,1.0,5.0,4.0
366,436.0,436.0,5.0,5.0,5.0,4.0,5.0
367,438.0,438.0,4.5,5.0,5.0,3.0,5.0
368,439.0,439.0,3.5,5.0,4.0,1.0,3.0
369,441.0,441.0,5.0,5.0,5.0,5.0,4.0
370,442.0,442.0,4.5,5.0,4.0,4.0,4.0
371,445.0,445.0,4.0,4.0,4.0,3.0,4.0
372,446.0,446.0,3.5,5.0,5.0,3.0,1.0
373,447.0,447.0,3.5,5.0,4.0,3.0,1.0
374,448.0,448.0,4.5,5.0,4.0,4.0,5.0
375,449.0,449.0,3.5,4.0,1.0,4.0,4.0
376,451.0,451.0,4.5,3.0,5.0,4.0,5.0
377,452.0,452.0,3.5,5.0,2.0,5.0,2.0
378,453.0,453.0,4.5,4.0,5.0,4.0,4.0
379,454.0,454.0,4.0,5.0,4.0,3.0,4.0
380,456.0,456.0,3.0,4.0,3.0,1.0,4.0
381,458.0,458.0,4.5,4.0,3.0,5.0,5.0
382,459.0,459.0,5.0,5.0,5.0,5.0,5.0
383,460.0,460.0,5.0,5.0,5.0,4.0,5.0
384,461.0,461.0,3.0,1.0,3.0,3.0,5.0
385,462.0,462.0,3.5,3.0,2.0,4.0,5.0
386,464.0,464.0,4.0,5.0,3.0,3.0,4.0
387,465.0,465.0,3.0,1.0,4.0,5.0,1.0
388,466.0,466.0,3.5,2.0,2.0,5.0,4.0
389,467.0,467.0,4.0,5.0,3.0,4.0,4.0
390,468.0,468.0,4.0,2.0,5.0,4.0,4.0
391,469.0,469.0,5.0,5.0,5.0,4.0,5.0
392,470.0,470.0,4.5,4.0,5.0,4.0,4.0
393,471.0,471.0,4.0,2.0,5.0,4.0,5.0
394,473.0,473.0,4.5,5.0,5.0,4.0,4.0
395,614.0,477.0,4.0,4.0,5.0,5.0,1.0
396,615.0,478.0,3.5,5.0,4.0,1.0,3.0
397,618.0,481.0,5.0,5.0,5.0,5.0,4.0
398,619.0,482.0,4.0,4.0,3.0,4.0,4.0
399,620.0,483.0,4.5,4.0,4.0,5.0,4.0
400,485.0,485.0,3.0,1.0,4.0,4.0,3.0
401,486.0,486.0,3.5,4.0,4.0,1.0,5.0
402,487.0,487.0,4.5,4.0,4.0,5.0,5.0
403,488.0,488.0,4.0,4.0,5.0,2.0,5.0
404,489.0,489.0,4.5,5.0,5.0,5.0,3.0
405,490.0,490.0,5.0,5.0,5.0,5.0,5.0
406,491.0,491.0,4.0,5.0,2.0,4.0,5.0
407,492.0,492.0,4.5,5.0,5.0,4.0,4.0
408,494.0,494.0,4.0,3.0,5.0,4.0,4.0
409,495.0,495.0,4.0,4.0,3.0,4.0,4.0
410,496.0,496.0,4.5,4.0,5.0,5.0,4.0
411,497.0,497.0,4.5,4.0,4.0,5.0,5.0
412,499.0,499.0,4.5,5.0,3.0,5.0,4.0
413,500.0,500.0,4.5,4.0,5.0,5.0,3.0
414,501.0,501.0,4.5,5.0,5.0,5.0,2.0
415,502.0,502.0,4.5,5.0,4.0,4.0,4.0
416,503.0,503.0,4.5,4.0,4.0,4.0,5.0
417,504.0,504.0,4.0,5.0,4.0,1.0,5.0
418,506.0,506.0,3.0,3.0,5.0,3.0,1.0
419,507.0,507.0,4.0,5.0,1.0,5.0,5.0
420,508.0,508.0,4.5,4.0,4.0,4.0,5.0
421,509.0,509.0,4.0,3.0,4.0,4.0,5.0
422,510.0,510.0,4.5,4.0,5.0,4.0,4.0
423,511.0,511.0,4.5,4.0,5.0,5.0,3.0
424,512.0,512.0,4.5,5.0,4.0,4.0,4.0
425,513.0,513.0,4.0,4.0,2.0,5.0,4.0
426,514.0,514.0,4.0,4.0,4.0,5.0,3.0
427,517.0,517.0,4.5,4.0,4.0,4.0,5.0
428,518.0,518.0,4.0,2.0,4.0,5.0,5.0
429,519.0,519.0,4.0,5.0,5.0,1.0,5.0
430,603.0,520.0,5.0,5.0,5.0,5.0,4.0
431,606.0,521.0,4.5,5.0,4.0,5.0,3.0
432,614.0,522.0,3.0,4.0,1.0,3.0,3.0
433,615.0,523.0,4.0,5.0,5.0,4.0,1.0
434,617.0,525.0,4.0,4.0,3.0,4.0,5.0
435,618.0,526.0,4.0,5.0,5.0,4.0,2.0
436,619.0,527.0,4.5,4.0,5.0,4.0,4.0
437,620.0,528.0,4.0,4.0,4.0,4.0,4.0
438,627.0,529.0,4.5,5.0,5.0,4.0,3.0
439,530.0,530.0,3.5,4.0,2.0,5.0,3.0
440,533.0,533.0,3.5,4.0,5.0,2.0,2.0
441,534.0,534.0,4.0,4.0,5.0,4.0,3.0
442,535.0,535.0,3.5,3.0,5.0,2.0,4.0
443,536.0,536.0,5.0,5.0,4.0,5.0,5.0
444,537.0,537.0,4.0,5.0,3.0,3.0,5.0
445,538.0,538.0,4.0,5.0,3.0,4.0,3.0
446,541.0,541.0,4.5,4.0,5.0,4.0,4.0
447,542.0,542.0,4.5,4.0,5.0,4.0,5.0
448,543.0,543.0,4.0,3.0,3.0,5.0,5.0
449,544.0,544.0,3.0,1.0,4.0,2.0,4.0
450,545.0,545.0,4.0,5.0,4.0,4.0,3.0
451,546.0,546.0,5.0,5.0,5.0,5.0,4.0
452,547.0,547.0,4.0,4.0,2.0,5.0,4.0
453,548.0,548.0,4.5,3.0,5.0,5.0,4.0
454,549.0,549.0,4.0,3.0,5.0,4.0,3.0
455,550.0,550.0,5.0,5.0,5.0,4.0,5.0
456,551.0,551.0,3.0,4.0,4.0,3.0,1.0
457,552.0,552.0,4.5,4.0,4.0,5.0,5.0
458,553.0,553.0,5.0,4.0,5.0,5.0,5.0
459,554.0,554.0,5.0,4.0,5.0,5.0,5.0
460,555.0,555.0,4.5,5.0,4.0,4.0,5.0
461,556.0,556.0,3.5,2.0,3.0,4.0,5.0
462,558.0,558.0,4.0,4.0,4.0,4.0,4.0
463,561.0,561.0,5.0,4.0,5.0,5.0,5.0
464,562.0,562.0,3.0,2.0,3.0,2.0,4.0
465,563.0,563.0,4.5,4.0,5.0,5.0,4.0
466,564.0,564.0,4.5,4.0,4.0,5.0,5.0
467,565.0,565.0,4.0,5.0,5.0,4.0,1.0
468,566.0,566.0,4.5,4.0,5.0,5.0,4.0
469,567.0,567.0,4.0,5.0,5.0,2.0,3.0
470,568.0,568.0,4.5,5.0,5.0,3.0,5.0
471,569.0,569.0,3.5,5.0,4.0,1.0,4.0
472,570.0,570.0,4.5,4.0,5.0,4.0,5.0
473,505.0,571.0,3.5,1.0,3.0,4.0,5.0
474,506.0,572.0,5.0,5.0,5.0,5.0,5.0
475,507.0,573.0,4.0,3.0,4.0,4.0,4.0
476,508.0,574.0,4.0,4.0,5.0,2.0,5.0
477,509.0,575.0,4.0,3.0,4.0,5.0,4.0
478,510.0,576.0,4.0,2.0,5.0,4.0,4.0
479,511.0,577.0,4.0,4.0,4.0,4.0,4.0
480,512.0,578.0,3.5,2.0,3.0,5.0,3.0
481,516.0,579.0,4.0,5.0,4.0,4.0,3.0
482,536.0,580.0,4.5,5.0,5.0,4.0,4.0
483,537.0,581.0,4.0,4.0,3.0,4.0,4.0
484,540.0,582.0,4.5,5.0,4.0,4.0,4.0
485,542.0,583.0,4.5,4.0,5.0,4.0,4.0
486,546.0,584.0,3.5,4.0,1.0,4.0,5.0
487,547.0,585.0,4.5,4.0,4.0,4.0,5.0
488,548.0,586.0,4.0,4.0,3.0,5.0,4.0
489,549.0,587.0,4.5,4.0,5.0,5.0,4.0
490,550.0,588.0,3.0,3.0,2.0,4.0,3.0
491,551.0,589.0,4.5,5.0,5.0,4.0,4.0
492,562.0,590.0,4.5,4.0,5.0,4.0,4.0
493,591.0,591.0,3.5,2.0,4.0,3.0,5.0
494,592.0,592.0,4.0,5.0,4.0,3.0,3.0
495,593.0,593.0,3.5,2.0,4.0,4.0,3.0
496,594.0,594.0,4.0,4.0,2.0,5.0,4.0
497,596.0,596.0,3.5,2.0,4.0,4.0,4.0
498,597.0,597.0,5.0,5.0,5.0,4.0,5.0
499,598.0,598.0,4.0,5.0,5.0,5.0,1.0
500,599.0,599.0,4.5,4.0,4.0,4.0,5.0
501,600.0,600.0,4.5,5.0,5.0,4.0,3.0
502,601.0,601.0,3.5,4.0,3.0,4.0,3.0
503,602.0,602.0,5.0,4.0,5.0,5.0,5.0
504,604.0,604.0,4.0,5.0,5.0,3.0,2.0
505,605.0,605.0,4.5,5.0,5.0,2.0,5.0
506,610.0,610.0,4.0,4.0,4.0,4.0,3.0
507,611.0,611.0,3.5,5.0,2.0,3.0,4.0
508,612.0,612.0,4.5,5.0,2.0,5.0,5.0
509,613.0,613.0,3.0,4.0,2.0,5.0,1.0
510,614.0,614.0,3.0,2.0,4.0,1.0,4.0
511,615.0,615.0,4.5,5.0,5.0,4.0,4.0
512,505.0,616.0,3.5,5.0,4.0,2.0,2.0
513,506.0,617.0,4.0,3.0,4.0,4.0,4.0
514,507.0,618.0,4.0,4.0,4.0,5.0,2.0
515,508.0,619.0,3.5,4.0,5.0,3.0,1.0
516,509.0,620.0,4.5,5.0,5.0,4.0,3.0
517,511.0,622.0,4.0,3.0,3.0,5.0,5.0
518,536.0,625.0,4.0,4.0,5.0,1.0,5.0
519,537.0,626.0,5.0,5.0,5.0,4.0,5.0
520,542.0,628.0,4.5,4.0,4.0,4.0,5.0
521,546.0,629.0,5.0,4.0,5.0,5.0,5.0
522,547.0,630.0,3.5,4.0,5.0,4.0,1.0
523,548.0,631.0,4.5,5.0,4.0,5.0,4.0
524,549.0,632.0,3.5,1.0,4.0,4.0,5.0
525,550.0,633.0,4.5,5.0,4.0,5.0,3.0
526,551.0,634.0,4.0,5.0,5.0,1.0,5.0
527,562.0,635.0,3.5,3.0,4.0,4.0,3.0
528,636.0,636.0,3.5,3.0,5.0,1.0,5.0
529,637.0,637.0,3.0,4.0,1.0,3.0,4.0
530,639.0,639.0,4.0,4.0,5.0,3.0,4.0
531,640.0,640.0,4.0,3.0,4.0,4.0,4.0
532,641.0,641.0,4.0,2.0,5.0,4.0,4.0
533,642.0,642.0,4.5,5.0,4.0,4.0,4.0
534,643.0,643.0,4.5,4.0,5.0,4.0,5.0
535,644.0,644.0,3.5,5.0,3.0,3.0,3.0
536,645.0,645.0,4.5,4.0,5.0,3.0,5.0
537,646.0,646.0,4.0,5.0,4.0,2.0,5.0
538,647.0,647.0,5.0,5.0,5.0,5.0,4.0
539,649.0,649.0,4.0,5.0,4.0,2.0,5.0
540,650.0,650.0,4.5,4.0,4.0,5.0,5.0
541,651.0,651.0,4.5,4.0,4.0,5.0,5.0
542,652.0,652.0,4.0,4.0,4.0,4.0,4.0
543,653.0,653.0,3.5,4.0,3.0,5.0,1.0
544,654.0,654.0,4.5,4.0,5.0,4.0,4.0
545,655.0,655.0,4.0,4.0,4.0,4.0,4.0
546,658.0,658.0,4.5,3.0,5.0,5.0,4.0
547,659.0,659.0,3.5,2.0,4.0,3.0,5.0
548,660.0,660.0,5.0,5.0,5.0,5.0,4.0
549,661.0,661.0,4.5,4.0,5.0,4.0,4.0
550,662.0,662.0,4.0,2.0,4.0,4.0,5.0
551,663.0,663.0,4.0,3.0,4.0,5.0,4.0
552,505.0,665.0,4.0,3.0,4.0,5.0,4.0
553,507.0,667.0,4.5,5.0,4.0,4.0,5.0
554,508.0,668.0,4.5,5.0,4.0,5.0,4.0
555,509.0,669.0,4.0,4.0,5.0,3.0,4.0
556,510.0,670.0,4.5,4.0,5.0,5.0,4.0
557,511.0,671.0,4.0,4.0,4.0,5.0,3.0
558,512.0,672.0,4.5,5.0,4.0,4.0,4.0
559,516.0,673.0,4.5,4.0,5.0,4.0,5.0
560,536.0,674.0,4.5,4.0,4.0,5.0,5.0
561,537.0,675.0,4.5,5.0,4.0,4.0,5.0
562,542.0,677.0,4.0,3.0,3.0,5.0,4.0
563,546.0,678.0,4.5,5.0,4.0,4.0,4.0
564,547.0,679.0,4.0,5.0,5.0,5.0,1.0
565,548.0,680.0,4.5,4.0,4.0,5.0,5.0
566,549.0,681.0,4.0,4.0,4.0,4.0,3.0
567,550.0,682.0,4.0,4.0,4.0,4.0,4.0
568,551.0,683.0,5.0,5.0,5.0,5.0,4.0
569,562.0,684.0,3.5,4.0,1.0,4.0,4.0
570,685.0,685.0,4.5,4.0,4.0,4.0,5.0
571,686.0,686.0,5.0,5.0,5.0,5.0,5.0
572,687.0,687.0,4.0,4.0,2.0,5.0,5.0
573,688.0,688.0,4.0,4.0,4.0,4.0,3.0
574,690.0,690.0,4.5,5.0,5.0,4.0,4.0
575,691.0,691.0,3.0,2.0,2.0,4.0,3.0
576,692.0,692.0,4.0,4.0,3.0,5.0,3.0
577,693.0,693.0,4.5,4.0,4.0,5.0,5.0
578,694.0,694.0,5.0,5.0,5.0,5.0,5.0
579,695.0,695.0,5.0,4.0,5.0,5.0,5.0
580,697.0,697.0,4.5,4.0,5.0,3.0,5.0
581,698.0,698.0,4.0,3.0,5.0,4.0,4.0
582,699.0,699.0,4.0,4.0,2.0,4.0,5.0
583,701.0,701.0,3.5,4.0,4.0,5.0,1.0
584,702.0,702.0,5.0,5.0,5.0,5.0,4.0
585,704.0,704.0,3.5,3.0,2.0,5.0,4.0
586,705.0,705.0,4.0,5.0,4.0,2.0,5.0
587,706.0,706.0,4.0,3.0,4.0,4.0,5.0
588,707.0,707.0,4.5,4.0,5.0,5.0,4.0
589,708.0,708.0,3.5,4.0,1.0,5.0,4.0
590,709.0,709.0,4.0,4.0,4.0,4.0,4.0
591,710.0,710.0,3.5,4.0,4.0,1.0,4.0
592,711.0,711.0,4.0,4.0,4.0,3.0,4.0
593,712.0,712.0,4.0,2.0,3.0,5.0,5.0
594,713.0,713.0,4.5,4.0,5.0,5.0,3.0
595,714.0,714.0,4.5,5.0,5.0,3.0,5.0
596,715.0,715.0,4.5,5.0,4.0,4.0,5.0
597,716.0,716.0,4.0,5.0,3.0,2.0,5.0
598,717.0,717.0,3.5,1.0,4.0,4.0,5.0
599,718.0,718.0,4.0,4.0,4.0,4.0,4.0
600,719.0,719.0,3.5,1.0,4.0,4.0,4.0
601,720.0,720.0,4.0,4.0,2.0,4.0,5.0
602,721.0,721.0,5.0,5.0,5.0,4.0,5.0
603,722.0,722.0,4.5,5.0,5.0,4.0,4.0
604,723.0,723.0,4.0,3.0,4.0,4.0,4.0
605,724.0,724.0,4.0,4.0,5.0,4.0,3.0
606,725.0,725.0,4.5,5.0,5.0,4.0,4.0
607,726.0,726.0,4.0,4.0,5.0,3.0,3.0
608,728.0,728.0,4.0,5.0,4.0,1.0,5.0
609,729.0,729.0,4.5,4.0,4.0,5.0,5.0
610,730.0,730.0,4.5,5.0,4.0,4.0,4.0
611,731.0,731.0,4.0,5.0,3.0,4.0,4.0
612,732.0,732.0,4.5,4.0,4.0,5.0,4.0
613,733.0,733.0,4.5,4.0,5.0,5.0,4.0
614,734.0,734.0,4.5,4.0,4.0,5.0,5.0
615,735.0,735.0,5.0,5.0,5.0,4.0,5.0
616,736.0,736.0,3.0,1.0,4.0,5.0,1.0
617,737.0,737.0,4.5,3.0,5.0,5.0,5.0
618,738.0,738.0,3.5,2.0,3.0,4.0,4.0
619,739.0,739.0,3.5,2.0,3.0,4.0,5.0
620,741.0,741.0,3.5,4.0,4.0,4.0,2.0
621,742.0,742.0,5.0,5.0,5.0,5.0,5.0
622,745.0,745.0,3.0,4.0,2.0,3.0,3.0
623,746.0,746.0,4.0,5.0,2.0,4.0,4.0
624,747.0,747.0,4.5,5.0,4.0,3.0,5.0
625,748.0,748.0,4.5,5.0,5.0,4.0,4.0
626,749.0,749.0,4.5,5.0,4.0,5.0,4.0
627,751.0,751.0,4.5,5.0,3.0,5.0,5.0
628,752.0,752.0,4.0,5.0,3.0,2.0,5.0
629,753.0,753.0,4.0,3.0,4.0,4.0,5.0
630,754.0,754.0,3.0,2.0,5.0,4.0,1.0
631,755.0,755.0,4.0,4.0,5.0,2.0,5.0
632,756.0,756.0,3.0,4.0,4.0,1.0,2.0
633,757.0,757.0,4.0,4.0,1.0,5.0,5.0
634,759.0,759.0,4.0,4.0,5.0,3.0,4.0
635,760.0,760.0,4.5,4.0,4.0,5.0,4.0
636,761.0,761.0,4.5,5.0,5.0,5.0,2.0
637,762.0,762.0,4.0,5.0,4.0,4.0,3.0
638,764.0,764.0,4.0,4.0,4.0,4.0,4.0
639,766.0,766.0,4.5,4.0,4.0,4.0,5.0
640,767.0,767.0,3.5,1.0,4.0,5.0,3.0
641,768.0,768.0,3.5,4.0,1.0,5.0,4.0
642,769.0,769.0,4.5,5.0,4.0,4.0,5.0
643,770.0,770.0,4.0,5.0,1.0,4.0,5.0
644,771.0,771.0,4.5,5.0,4.0,4.0,4.0
645,772.0,772.0,5.0,4.0,5.0,5.0,5.0
646,774.0,774.0,4.5,5.0,5.0,4.0,4.0
647,775.0,775.0,3.5,4.0,4.0,1.0,5.0
648,776.0,776.0,4.5,4.0,4.0,4.0,5.0
649,777.0,777.0,4.5,4.0,5.0,5.0,4.0
650,779.0,779.0,3.5,4.0,3.0,3.0,4.0
651,780.0,780.0,4.0,4.0,2.0,4.0,5.0
652,781.0,781.0,3.0,3.0,5.0,3.0,1.0
653,782.0,782.0,4.5,4.0,4.0,5.0,4.0
654,783.0,783.0,3.5,4.0,4.0,1.0,4.0
655,784.0,784.0,4.5,4.0,5.0,3.0,5.0
656,785.0,785.0,3.5,4.0,1.0,5.0,4.0
657,786.0,786.0,4.5,5.0,4.0,5.0,4.0
658,787.0,787.0,3.5,5.0,2.0,5.0,1.0
659,788.0,788.0,3.5,3.0,1.0,5.0,5.0
660,789.0,789.0,3.5,4.0,3.0,3.0,4.0
661,790.0,790.0,4.0,4.0,5.0,1.0,5.0
662,791.0,791.0,4.5,4.0,4.0,5.0,5.0
663,792.0,792.0,5.0,5.0,5.0,5.0,4.0
664,793.0,793.0,2.5,5.0,2.0,2.0,1.0
665,794.0,794.0,4.5,5.0,2.0,5.0,5.0
666,795.0,795.0,4.0,3.0,4.0,5.0,4.0
667,796.0,796.0,4.5,5.0,4.0,5.0,3.0
668,798.0,798.0,4.5,2.0,5.0,5.0,5.0
669,799.0,799.0,4.0,5.0,5.0,4.0,1.0
670,800.0,800.0,4.5,5.0,5.0,4.0,4.0
671,801.0,801.0,4.5,3.0,5.0,4.0,5.0
672,802.0,802.0,3.5,5.0,1.0,3.0,4.0
673,803.0,803.0,3.5,5.0,4.0,1.0,4.0
674,804.0,804.0,4.5,4.0,3.0,5.0,5.0
675,805.0,805.0,5.0,5.0,5.0,5.0,4.0
676,806.0,806.0,4.5,5.0,5.0,5.0,2.0
677,807.0,807.0,3.0,4.0,1.0,5.0,1.0
678,808.0,808.0,4.5,5.0,4.0,5.0,3.0
679,809.0,809.0,4.0,3.0,3.0,5.0,4.0
680,810.0,810.0,4.5,4.0,4.0,4.0,5.0
681,811.0,811.0,3.0,1.0,2.0,5.0,4.0
682,1100.0,812.0,4.5,5.0,4.0,4.0,4.0
683,1101.0,813.0,4.5,5.0,5.0,4.0,4.0
684,1102.0,814.0,4.0,5.0,3.0,4.0,4.0
685,1103.0,815.0,4.0,5.0,5.0,4.0,2.0
686,1104.0,816.0,4.5,4.0,4.0,5.0,5.0
687,1105.0,817.0,4.5,4.0,5.0,4.0,5.0
688,1106.0,818.0,4.0,3.0,5.0,4.0,3.0
689,1107.0,819.0,2.0,2.0,1.0,2.0,3.0
690,1108.0,820.0,4.5,4.0,4.0,5.0,5.0
691,1109.0,821.0,5.0,5.0,5.0,5.0,5.0
692,1112.0,822.0,4.5,5.0,5.0,3.0,4.0
693,958.0,823.0,3.5,3.0,4.0,1.0,5.0
694,967.0,824.0,4.5,4.0,4.0,4.0,5.0
695,1113.0,825.0,4.5,5.0,5.0,4.0,4.0
696,1114.0,826.0,5.0,5.0,5.0,5.0,5.0
697,827.0,827.0,5.0,4.0,5.0,5.0,5.0
698,828.0,828.0,4.5,4.0,5.0,4.0,5.0
699,829.0,829.0,4.5,4.0,4.0,5.0,4.0
700,830.0,830.0,5.0,5.0,5.0,5.0,5.0
701,831.0,831.0,4.5,5.0,5.0,5.0,3.0
702,832.0,832.0,5.0,5.0,5.0,5.0,4.0
703,833.0,833.0,3.5,5.0,3.0,4.0,1.0
704,835.0,835.0,5.0,5.0,4.0,5.0,5.0
705,836.0,836.0,3.5,3.0,4.0,2.0,4.0
706,837.0,837.0,4.5,4.0,5.0,5.0,4.0
707,838.0,838.0,4.5,5.0,5.0,4.0,4.0
708,839.0,839.0,4.5,4.0,4.0,5.0,4.0
709,840.0,840.0,4.5,4.0,5.0,4.0,4.0
710,842.0,842.0,3.5,2.0,4.0,5.0,3.0
711,843.0,843.0,3.5,4.0,1.0,5.0,4.0
712,844.0,844.0,4.0,4.0,5.0,2.0,4.0
713,845.0,845.0,4.0,2.0,5.0,4.0,4.0
714,846.0,846.0,4.0,4.0,3.0,4.0,5.0
715,847.0,847.0,4.5,4.0,4.0,5.0,4.0
716,848.0,848.0,5.0,5.0,5.0,5.0,4.0
717,849.0,849.0,4.5,4.0,5.0,4.0,5.0
718,851.0,851.0,5.0,5.0,5.0,4.0,5.0
719,852.0,852.0,3.5,2.0,4.0,4.0,4.0
720,853.0,853.0,3.5,4.0,2.0,3.0,4.0
721,855.0,855.0,5.0,5.0,5.0,5.0,5.0
722,856.0,856.0,5.0,5.0,5.0,5.0,4.0
723,857.0,857.0,4.5,4.0,5.0,4.0,5.0
724,1100.0,858.0,3.5,4.0,1.0,4.0,4.0
725,1101.0,859.0,3.0,2.0,5.0,4.0,1.0
726,1102.0,860.0,4.5,3.0,5.0,5.0,5.0
727,1112.0,861.0,4.0,4.0,5.0,1.0,5.0
728,958.0,862.0,4.0,5.0,4.0,1.0,5.0
729,967.0,863.0,2.5,4.0,1.0,4.0,1.0
730,1106.0,864.0,5.0,5.0,4.0,5.0,5.0
731,1107.0,865.0,4.0,4.0,3.0,5.0,4.0
732,1108.0,866.0,4.0,2.0,5.0,4.0,5.0
733,1109.0,867.0,5.0,5.0,5.0,5.0,4.0
734,1110.0,868.0,4.0,3.0,4.0,4.0,4.0
735,1111.0,869.0,4.5,4.0,5.0,4.0,4.0
736,1112.0,870.0,3.5,5.0,1.0,3.0,5.0
737,1113.0,871.0,4.0,1.0,5.0,5.0,4.0
738,1114.0,872.0,4.5,5.0,5.0,5.0,3.0
739,874.0,874.0,5.0,5.0,5.0,4.0,5.0
740,875.0,875.0,4.5,5.0,5.0,4.0,4.0
741,876.0,876.0,5.0,5.0,5.0,5.0,4.0
742,877.0,877.0,4.5,5.0,4.0,4.0,5.0
743,878.0,878.0,2.0,3.0,2.0,1.0,2.0
744,879.0,879.0,4.5,5.0,4.0,5.0,4.0
745,880.0,880.0,5.0,5.0,4.0,5.0,5.0
746,881.0,881.0,4.5,5.0,5.0,4.0,4.0
747,882.0,882.0,3.0,2.0,1.0,4.0,4.0
748,883.0,883.0,3.5,4.0,2.0,4.0,4.0
749,884.0,884.0,4.0,5.0,5.0,1.0,4.0
750,885.0,885.0,4.0,4.0,5.0,3.0,3.0
751,886.0,886.0,4.5,4.0,4.0,4.0,5.0
752,887.0,887.0,4.0,5.0,3.0,4.0,4.0
753,888.0,888.0,4.5,5.0,5.0,4.0,4.0
754,889.0,889.0,4.5,5.0,3.0,4.0,5.0
755,891.0,891.0,4.5,3.0,5.0,5.0,4.0
756,893.0,893.0,4.0,4.0,5.0,5.0,1.0
757,894.0,894.0,4.5,5.0,4.0,5.0,4.0
758,895.0,895.0,4.5,5.0,5.0,4.0,4.0
759,1101.0,897.0,3.5,4.0,4.0,2.0,4.0
760,1102.0,898.0,3.5,4.0,3.0,4.0,3.0
761,1103.0,899.0,3.5,2.0,2.0,5.0,5.0
762,1104.0,900.0,3.5,4.0,1.0,5.0,4.0
763,1105.0,901.0,4.5,3.0,4.0,5.0,5.0
764,1106.0,902.0,4.0,2.0,4.0,5.0,4.0
765,1107.0,903.0,4.5,3.0,5.0,4.0,5.0
766,1108.0,904.0,4.0,3.0,4.0,5.0,4.0
767,1109.0,905.0,4.5,5.0,5.0,4.0,3.0
768,1110.0,906.0,4.0,4.0,4.0,4.0,3.0
769,1111.0,907.0,4.5,5.0,5.0,5.0,3.0
770,1112.0,908.0,4.0,4.0,1.0,5.0,5.0
771,1113.0,909.0,4.5,5.0,4.0,4.0,5.0
772,1114.0,910.0,4.5,4.0,4.0,5.0,4.0
773,911.0,911.0,4.5,4.0,5.0,4.0,4.0
774,912.0,912.0,4.5,5.0,4.0,5.0,4.0
775,913.0,913.0,4.0,5.0,5.0,5.0,1.0
776,914.0,914.0,4.5,5.0,4.0,4.0,4.0
777,915.0,915.0,4.0,4.0,2.0,5.0,4.0
778,916.0,916.0,4.0,4.0,4.0,4.0,3.0
779,917.0,917.0,4.5,5.0,4.0,4.0,5.0
780,918.0,918.0,5.0,5.0,5.0,4.0,5.0
781,919.0,919.0,4.5,4.0,5.0,4.0,4.0
782,920.0,920.0,5.0,5.0,5.0,5.0,5.0
783,921.0,921.0,4.0,4.0,4.0,3.0,5.0
784,1119.0,924.0,4.0,5.0,4.0,3.0,4.0
785,1125.0,925.0,5.0,5.0,5.0,5.0,4.0
786,926.0,926.0,4.0,5.0,3.0,4.0,4.0
787,927.0,927.0,4.5,4.0,4.0,5.0,4.0
788,928.0,928.0,4.0,3.0,4.0,4.0,4.0
789,929.0,929.0,4.5,4.0,5.0,4.0,4.0
790,930.0,930.0,4.0,4.0,4.0,5.0,2.0
791,931.0,931.0,3.5,4.0,5.0,1.0,4.0
792,932.0,932.0,5.0,5.0,5.0,5.0,4.0
793,933.0,933.0,4.5,4.0,5.0,4.0,4.0
794,934.0,934.0,5.0,5.0,5.0,5.0,4.0
795,935.0,935.0,3.5,5.0,4.0,4.0,1.0
796,936.0,936.0,4.5,5.0,4.0,4.0,5.0
797,1101.0,939.0,4.5,4.0,4.0,4.0,5.0
798,1102.0,940.0,3.5,3.0,3.0,4.0,4.0
799,1103.0,941.0,4.0,4.0,4.0,5.0,2.0
800,1104.0,942.0,4.0,3.0,4.0,5.0,3.0
801,1105.0,943.0,4.5,5.0,4.0,4.0,5.0
802,1106.0,944.0,4.0,4.0,5.0,4.0,2.0
803,1107.0,945.0,3.5,2.0,5.0,2.0,4.0
804,1108.0,946.0,4.5,5.0,3.0,5.0,5.0
805,1109.0,947.0,4.5,4.0,5.0,3.0,5.0
806,1110.0,948.0,4.0,4.0,4.0,3.0,5.0
807,1112.0,950.0,4.0,4.0,2.0,5.0,4.0
808,1113.0,951.0,4.5,3.0,5.0,5.0,5.0
809,953.0,953.0,4.5,4.0,5.0,4.0,5.0
810,954.0,954.0,4.0,5.0,5.0,2.0,4.0
811,956.0,956.0,4.5,4.0,5.0,5.0,4.0
812,957.0,957.0,4.5,5.0,5.0,5.0,2.0
813,958.0,958.0,5.0,5.0,5.0,4.0,5.0
814,959.0,959.0,3.5,4.0,4.0,2.0,4.0
815,960.0,960.0,3.5,4.0,5.0,3.0,1.0
816,961.0,961.0,4.0,5.0,4.0,5.0,1.0
817,962.0,962.0,5.0,5.0,5.0,5.0,5.0
818,963.0,963.0,3.5,4.0,4.0,4.0,1.0
819,964.0,964.0,3.0,1.0,4.0,3.0,4.0
820,965.0,965.0,4.5,4.0,5.0,4.0,4.0
821,966.0,966.0,4.0,3.0,4.0,5.0,4.0
822,967.0,967.0,4.5,5.0,5.0,3.0,5.0
823,1119.0,968.0,4.5,5.0,4.0,5.0,4.0
824,1125.0,969.0,4.0,5.0,4.0,3.0,4.0
825,971.0,971.0,3.5,4.0,5.0,1.0,3.0
826,972.0,972.0,4.0,4.0,4.0,4.0,4.0
827,974.0,974.0,4.0,3.0,3.0,5.0,4.0
828,975.0,975.0,4.5,4.0,5.0,4.0,5.0
829,976.0,976.0,4.0,4.0,4.0,3.0,5.0
830,977.0,977.0,4.5,5.0,5.0,5.0,2.0
831,979.0,979.0,4.5,4.0,5.0,4.0,5.0
832,981.0,981.0,3.5,5.0,4.0,1.0,3.0
833,982.0,982.0,4.5,5.0,4.0,4.0,4.0
834,984.0,984.0,4.5,4.0,4.0,5.0,5.0
835,985.0,985.0,3.5,4.0,4.0,1.0,5.0
836,986.0,986.0,4.5,5.0,3.0,5.0,5.0
837,987.0,987.0,5.0,5.0,4.0,5.0,5.0
838,988.0,988.0,3.0,4.0,2.0,4.0,2.0
839,989.0,989.0,5.0,5.0,4.0,5.0,5.0
840,990.0,990.0,4.0,4.0,4.0,4.0,4.0
841,991.0,991.0,4.0,5.0,1.0,5.0,4.0
842,992.0,992.0,4.5,4.0,5.0,5.0,3.0
843,993.0,993.0,3.5,5.0,4.0,1.0,4.0
844,994.0,994.0,4.0,4.0,5.0,3.0,4.0
845,996.0,996.0,5.0,4.0,5.0,5.0,5.0
846,998.0,998.0,4.5,4.0,5.0,4.0,5.0
847,999.0,999.0,4.0,4.0,4.0,4.0,4.0
848,1000.0,1000.0,2.5,4.0,1.0,4.0,1.0
849,1001.0,1001.0,3.5,5.0,3.0,1.0,4.0
850,1002.0,1002.0,3.0,3.0,4.0,3.0,2.0
851,1003.0,1003.0,5.0,5.0,5.0,5.0,4.0
852,1004.0,1004.0,4.5,5.0,4.0,5.0,4.0
853,1005.0,1005.0,4.0,4.0,4.0,3.0,4.0
854,1006.0,1006.0,4.0,3.0,5.0,4.0,3.0
855,1007.0,1007.0,4.5,5.0,4.0,5.0,3.0
856,1009.0,1009.0,5.0,5.0,5.0,5.0,5.0
857,1010.0,1010.0,4.5,5.0,5.0,4.0,4.0
858,1011.0,1011.0,4.0,2.0,4.0,4.0,5.0
859,1012.0,1012.0,4.5,5.0,4.0,4.0,4.0
860,1013.0,1013.0,3.5,4.0,1.0,5.0,4.0
861,1100.0,1014.0,4.0,3.0,4.0,4.0,5.0
862,1102.0,1016.0,4.5,4.0,3.0,5.0,5.0
863,1119.0,1017.0,4.5,4.0,5.0,4.0,5.0
864,1125.0,1018.0,5.0,5.0,5.0,5.0,5.0
865,1105.0,1019.0,4.5,5.0,4.0,5.0,4.0
866,1106.0,1020.0,4.5,5.0,5.0,2.0,5.0
867,1107.0,1021.0,3.0,4.0,5.0,1.0,2.0
868,1108.0,1022.0,3.0,1.0,4.0,4.0,3.0
869,1110.0,1024.0,5.0,5.0,4.0,5.0,5.0
870,1111.0,1025.0,3.5,4.0,4.0,5.0,1.0
871,1112.0,1026.0,5.0,5.0,5.0,5.0,4.0
872,1113.0,1027.0,4.5,4.0,4.0,5.0,4.0
873,1114.0,1028.0,4.5,4.0,4.0,4.0,5.0
874,1029.0,1029.0,4.0,5.0,3.0,4.0,3.0
875,1030.0,1030.0,4.0,4.0,5.0,1.0,5.0
876,1031.0,1031.0,4.0,5.0,5.0,1.0,5.0
877,1032.0,1032.0,3.5,1.0,4.0,4.0,4.0
878,1033.0,1033.0,4.5,5.0,5.0,4.0,4.0
879,1034.0,1034.0,4.0,4.0,4.0,4.0,3.0
880,1038.0,1038.0,4.0,5.0,4.0,4.0,3.0
881,1039.0,1039.0,5.0,4.0,5.0,5.0,5.0
882,507.0,1043.0,4.0,5.0,4.0,5.0,2.0
883,508.0,1044.0,4.5,4.0,5.0,4.0,5.0
884,509.0,1045.0,4.0,4.0,3.0,3.0,5.0
885,510.0,1046.0,5.0,5.0,5.0,4.0,5.0
886,511.0,1047.0,3.5,4.0,5.0,1.0,4.0
887,512.0,1048.0,4.5,4.0,3.0,5.0,5.0
888,516.0,1049.0,3.0,4.0,4.0,1.0,2.0
889,536.0,1050.0,4.5,4.0,4.0,5.0,5.0
890,540.0,1052.0,5.0,5.0,5.0,4.0,5.0
891,542.0,1053.0,4.5,5.0,3.0,5.0,4.0
892,546.0,1054.0,4.5,4.0,5.0,5.0,4.0
893,547.0,1055.0,4.0,5.0,1.0,4.0,5.0
894,548.0,1056.0,3.5,1.0,5.0,3.0,4.0
895,549.0,1057.0,3.5,1.0,4.0,4.0,4.0
896,551.0,1059.0,4.0,4.0,4.0,4.0,4.0
897,562.0,1060.0,4.0,4.0,4.0,5.0,3.0
898,1062.0,1062.0,4.5,5.0,4.0,5.0,4.0
899,1064.0,1064.0,3.0,1.0,4.0,4.0,2.0
900,1066.0,1066.0,4.0,4.0,3.0,5.0,4.0
901,1067.0,1067.0,5.0,5.0,4.0,5.0,5.0
902,1068.0,1068.0,4.5,4.0,4.0,5.0,4.0
903,1069.0,1069.0,4.5,5.0,5.0,2.0,5.0
904,1070.0,1070.0,4.5,3.0,4.0,5.0,5.0
905,1071.0,1071.0,3.5,1.0,4.0,4.0,5.0
906,1073.0,1073.0,3.0,4.0,1.0,2.0,4.0
907,1075.0,1075.0,4.5,5.0,2.0,5.0,5.0
908,1077.0,1077.0,4.5,5.0,4.0,5.0,4.0
909,1078.0,1078.0,3.0,5.0,3.0,2.0,1.0
910,1079.0,1079.0,4.5,4.0,5.0,4.0,4.0
911,1080.0,1080.0,4.0,5.0,5.0,4.0,1.0
912,1081.0,1081.0,5.0,5.0,5.0,5.0,4.0
913,1082.0,1082.0,4.5,5.0,5.0,5.0,3.0
914,1083.0,1083.0,3.5,1.0,4.0,5.0,3.0
915,1084.0,1084.0,5.0,5.0,5.0,5.0,5.0
916,1086.0,1086.0,4.5,5.0,5.0,3.0,5.0
917,1090.0,1090.0,5.0,5.0,5.0,5.0,4.0
918,1091.0,1091.0,3.5,3.0,4.0,3.0,4.0
919,1092.0,1092.0,4.0,3.0,5.0,3.0,4.0
920,1093.0,1093.0,4.5,4.0,5.0,5.0,4.0
921,1095.0,1095.0,4.0,5.0,3.0,4.0,4.0
922,1096.0,1096.0,4.5,4.0,4.0,5.0,4.0
923,1097.0,1097.0,4.5,4.0,4.0,5.0,5.0
924,1099.0,1099.0,4.5,5.0,5.0,4.0,4.0
925,1100.0,1100.0,4.5,5.0,4.0,4.0,4.0
926,1101.0,1101.0,3.5,4.0,2.0,3.0,5.0
927,1102.0,1102.0,5.0,5.0,4.0,5.0,5.0
928,1103.0,1103.0,4.5,5.0,2.0,5.0,5.0
929,1104.0,1104.0,4.5,4.0,4.0,5.0,4.0
930,1105.0,1105.0,4.0,5.0,3.0,2.0,5.0
931,1107.0,1107.0,4.0,1.0,5.0,5.0,4.0
932,1108.0,1108.0,4.5,4.0,4.0,5.0,5.0
933,1110.0,1110.0,4.5,4.0,4.0,5.0,4.0
934,1112.0,1112.0,4.0,5.0,5.0,1.0,5.0
935,1113.0,1113.0,3.5,1.0,5.0,3.0,4.0
936,1114.0,1114.0,4.0,4.0,4.0,4.0,4.0
937,1115.0,1115.0,4.0,4.0,4.0,4.0,4.0
938,1116.0,1116.0,3.5,2.0,4.0,4.0,3.0
939,1117.0,1117.0,3.0,3.0,4.0,3.0,2.0
940,1118.0,1118.0,4.0,5.0,3.0,5.0,3.0
941,1119.0,1119.0,5.0,5.0,5.0,5.0,5.0
942,1120.0,1120.0,3.5,5.0,3.0,4.0,2.0
943,1121.0,1121.0,4.0,1.0,4.0,5.0,5.0
944,1122.0,1122.0,3.5,4.0,5.0,1.0,4.0
945,1123.0,1123.0,3.0,2.0,1.0,4.0,4.0
946,1124.0,1124.0,4.5,4.0,4.0,4.0,5.0
947,1125.0,1125.0,4.5,5.0,5.0,4.0,4.0
948,1126.0,1126.0,4.5,4.0,5.0,4.0,4.0
949,1127.0,1127.0,5.0,5.0,5.0,4.0,5.0
950,1129.0,1129.0,4.0,5.0,5.0,2.0,4.0
951,1498.0,1131.0,3.5,3.0,4.0,5.0,2.0
952,1135.0,1135.0,4.5,4.0,4.0,5.0,5.0
953,1136.0,1136.0,5.0,5.0,5.0,5.0,5.0
954,1137.0,1137.0,4.5,5.0,4.0,5.0,4.0
955,1138.0,1138.0,4.5,5.0,4.0,5.0,3.0
956,1139.0,1139.0,3.5,4.0,2.0,4.0,4.0
957,1142.0,1142.0,4.5,5.0,5.0,2.0,5.0
958,1143.0,1143.0,4.5,4.0,4.0,5.0,4.0
959,1144.0,1144.0,3.5,1.0,5.0,3.0,4.0
960,1145.0,1145.0,4.0,4.0,1.0,5.0,5.0
961,1146.0,1146.0,3.5,1.0,4.0,3.0,5.0
962,1147.0,1147.0,4.5,4.0,4.0,5.0,5.0
963,1150.0,1150.0,3.5,4.0,3.0,4.0,3.0
964,1151.0,1151.0,5.0,4.0,5.0,5.0,5.0
965,1153.0,1153.0,4.0,4.0,4.0,5.0,2.0
966,1154.0,1154.0,3.5,2.0,4.0,3.0,4.0
967,505.0,1155.0,5.0,4.0,5.0,5.0,5.0
968,506.0,1156.0,4.0,1.0,4.0,5.0,5.0
969,507.0,1157.0,5.0,4.0,5.0,5.0,5.0
970,508.0,1158.0,4.5,3.0,5.0,4.0,5.0
971,509.0,1159.0,4.5,4.0,5.0,5.0,3.0
972,510.0,1160.0,4.5,3.0,5.0,5.0,4.0
973,511.0,1161.0,3.5,4.0,1.0,4.0,5.0
974,516.0,1163.0,4.0,2.0,5.0,5.0,3.0
975,536.0,1164.0,4.5,3.0,4.0,5.0,5.0
976,537.0,1165.0,4.0,3.0,4.0,5.0,4.0
977,542.0,1167.0,5.0,4.0,5.0,5.0,5.0
978,547.0,1169.0,5.0,5.0,5.0,5.0,5.0
979,548.0,1170.0,5.0,5.0,5.0,4.0,5.0
980,549.0,1171.0,4.0,4.0,4.0,3.0,5.0
981,550.0,1172.0,3.5,4.0,1.0,5.0,4.0
982,551.0,1173.0,4.0,3.0,5.0,4.0,4.0
983,562.0,1174.0,2.5,2.0,4.0,1.0,3.0
984,1175.0,1175.0,4.0,5.0,5.0,3.0,2.0
985,1177.0,1177.0,5.0,5.0,5.0,5.0,4.0
986,1178.0,1178.0,3.0,2.0,1.0,4.0,5.0
987,1497.0,1179.0,4.0,5.0,4.0,4.0,3.0
988,1498.0,1180.0,4.5,4.0,4.0,5.0,5.0
989,1499.0,1181.0,4.0,5.0,5.0,5.0,1.0
990,1182.0,1182.0,4.0,5.0,5.0,5.0,1.0
991,1183.0,1183.0,5.0,4.0,5.0,5.0,5.0
992,1184.0,1184.0,4.5,4.0,5.0,5.0,4.0
993,1185.0,1185.0,4.0,5.0,4.0,3.0,4.0
994,1186.0,1186.0,5.0,4.0,5.0,5.0,5.0
995,1187.0,1187.0,5.0,5.0,5.0,5.0,4.0
996,1188.0,1188.0,4.5,5.0,4.0,4.0,4.0
997,1190.0,1190.0,4.5,4.0,4.0,5.0,4.0
998,1191.0,1191.0,3.5,4.0,4.0,3.0,2.0
999,1192.0,1192.0,4.5,5.0,4.0,5.0,4.0
1000,1193.0,1193.0,3.5,4.0,4.0,4.0,1.0
1001,1195.0,1195.0,4.0,4.0,4.0,4.0,4.0
1002,1196.0,1196.0,4.0,5.0,2.0,4.0,4.0
1003,1497.0,1197.0,4.0,4.0,4.0,4.0,4.0
1004,1498.0,1198.0,4.5,4.0,4.0,4.0,5.0
1005,1200.0,1200.0,5.0,5.0,5.0,5.0,5.0
1006,1202.0,1202.0,4.5,4.0,5.0,4.0,5.0
1007,1203.0,1203.0,3.5,4.0,3.0,4.0,3.0
1008,1204.0,1204.0,4.0,5.0,2.0,4.0,5.0
1009,1205.0,1205.0,4.5,5.0,4.0,4.0,4.0
1010,1206.0,1206.0,3.5,4.0,1.0,4.0,5.0
1011,1208.0,1208.0,3.5,5.0,4.0,3.0,1.0
1012,1209.0,1209.0,5.0,5.0,4.0,5.0,5.0
1013,1210.0,1210.0,4.0,4.0,3.0,4.0,5.0
1014,1211.0,1211.0,4.0,5.0,4.0,3.0,4.0
1015,1213.0,1213.0,5.0,5.0,5.0,5.0,5.0
1016,1214.0,1214.0,4.5,5.0,5.0,5.0,3.0
1017,505.0,1215.0,4.0,4.0,4.0,3.0,5.0
1018,506.0,1216.0,4.5,4.0,4.0,5.0,5.0
1019,507.0,1217.0,3.5,1.0,5.0,3.0,4.0
1020,508.0,1218.0,4.5,4.0,5.0,3.0,5.0
1021,509.0,1219.0,3.5,4.0,3.0,4.0,3.0
1022,510.0,1220.0,4.5,4.0,4.0,5.0,4.0
1023,511.0,1221.0,3.0,3.0,5.0,1.0,2.0
1024,512.0,1222.0,4.5,5.0,3.0,5.0,5.0
1025,516.0,1223.0,3.5,4.0,5.0,3.0,1.0
1026,536.0,1224.0,4.5,3.0,5.0,4.0,5.0
1027,537.0,1225.0,5.0,5.0,5.0,5.0,4.0
1028,540.0,1226.0,4.5,5.0,4.0,4.0,5.0
1029,542.0,1227.0,5.0,5.0,5.0,5.0,4.0
1030,547.0,1229.0,4.5,4.0,5.0,4.0,4.0
1031,550.0,1232.0,4.5,4.0,3.0,5.0,5.0
1032,551.0,1233.0,4.0,4.0,5.0,1.0,5.0
1033,562.0,1234.0,4.5,4.0,4.0,4.0,5.0
1034,1235.0,1235.0,4.0,1.0,5.0,5.0,5.0
1035,1236.0,1236.0,4.0,1.0,4.0,5.0,5.0
1036,1237.0,1237.0,4.5,5.0,5.0,5.0,3.0
1037,1238.0,1238.0,4.0,5.0,2.0,4.0,4.0
1038,1497.0,1239.0,4.0,4.0,4.0,4.0,3.0
1039,1498.0,1240.0,4.0,4.0,2.0,5.0,4.0
1040,1499.0,1241.0,4.5,4.0,4.0,4.0,5.0
1041,1242.0,1242.0,4.0,3.0,4.0,5.0,4.0
1042,1243.0,1243.0,4.0,4.0,4.0,3.0,4.0
1043,1244.0,1244.0,3.0,3.0,3.0,3.0,3.0
1044,1246.0,1246.0,4.0,2.0,4.0,5.0,5.0
1045,1247.0,1247.0,3.5,4.0,3.0,3.0,4.0
1046,1248.0,1248.0,3.0,2.0,2.0,3.0,4.0
1047,1249.0,1249.0,4.0,2.0,4.0,4.0,5.0
1048,1250.0,1250.0,4.5,5.0,3.0,5.0,4.0
1049,1251.0,1251.0,4.0,5.0,4.0,4.0,3.0
1050,1252.0,1252.0,3.5,4.0,4.0,1.0,5.0
1051,1253.0,1253.0,4.0,5.0,4.0,4.0,3.0
1052,1254.0,1254.0,3.5,2.0,5.0,1.0,5.0
1053,1255.0,1255.0,4.0,5.0,5.0,1.0,5.0
1054,1257.0,1257.0,4.0,5.0,2.0,4.0,4.0
1055,1258.0,1258.0,3.5,4.0,5.0,1.0,4.0
1056,1259.0,1259.0,4.5,4.0,4.0,5.0,4.0
1057,1260.0,1260.0,4.5,5.0,3.0,4.0,5.0
1058,1262.0,1262.0,4.0,4.0,5.0,4.0,3.0
1059,1263.0,1263.0,4.5,5.0,5.0,3.0,5.0
1060,1264.0,1264.0,4.0,1.0,5.0,5.0,4.0
1061,1265.0,1265.0,3.5,4.0,3.0,5.0,2.0
1062,1266.0,1266.0,3.0,4.0,1.0,2.0,4.0
1063,1267.0,1267.0,4.0,5.0,5.0,4.0,2.0
1064,1268.0,1268.0,4.5,4.0,4.0,4.0,5.0
1065,1269.0,1269.0,4.5,4.0,5.0,4.0,4.0
1066,1270.0,1270.0,5.0,5.0,4.0,5.0,5.0
1067,1271.0,1271.0,4.5,4.0,3.0,5.0,5.0
1068,1272.0,1272.0,5.0,5.0,5.0,4.0,5.0
1069,1273.0,1273.0,4.5,5.0,4.0,5.0,4.0
1070,1274.0,1274.0,4.5,5.0,5.0,4.0,4.0
1071,1499.0,1277.0,4.5,5.0,5.0,4.0,4.0
1072,1278.0,1278.0,4.0,4.0,3.0,5.0,4.0
1073,1280.0,1280.0,4.5,4.0,5.0,5.0,3.0
1074,1281.0,1281.0,4.0,5.0,5.0,1.0,4.0
1075,1282.0,1282.0,4.5,5.0,5.0,5.0,2.0
1076,1283.0,1283.0,4.5,3.0,5.0,5.0,5.0
1077,1285.0,1285.0,4.0,3.0,5.0,3.0,5.0
1078,1286.0,1286.0,3.5,1.0,5.0,4.0,4.0
1079,1287.0,1287.0,4.0,5.0,5.0,1.0,4.0
1080,1288.0,1288.0,4.0,4.0,3.0,5.0,4.0
1081,1290.0,1290.0,3.0,2.0,1.0,4.0,5.0
1082,1291.0,1291.0,4.0,4.0,4.0,4.0,4.0
1083,1292.0,1292.0,3.5,4.0,2.0,5.0,3.0
1084,1293.0,1293.0,4.5,4.0,5.0,5.0,4.0
1085,1294.0,1294.0,4.5,5.0,4.0,5.0,4.0
1086,1295.0,1295.0,4.0,4.0,5.0,5.0,2.0
1087,1297.0,1297.0,5.0,5.0,5.0,4.0,5.0
1088,1300.0,1300.0,5.0,5.0,4.0,5.0,5.0
1089,1301.0,1301.0,4.0,4.0,5.0,2.0,5.0
1090,1302.0,1302.0,5.0,5.0,5.0,5.0,5.0
1091,1303.0,1303.0,4.0,1.0,4.0,5.0,5.0
1092,1304.0,1304.0,3.5,4.0,1.0,5.0,3.0
1093,1306.0,1306.0,3.5,4.0,4.0,3.0,3.0
1094,1307.0,1307.0,5.0,4.0,5.0,5.0,5.0
1095,1308.0,1308.0,2.5,2.0,4.0,1.0,2.0
1096,1309.0,1309.0,4.5,4.0,3.0,5.0,5.0
1097,1310.0,1310.0,3.0,3.0,2.0,4.0,2.0
1098,1311.0,1311.0,3.5,4.0,2.0,4.0,4.0
1099,1271.0,1312.0,2.5,2.0,3.0,1.0,4.0
1100,1272.0,1313.0,4.0,4.0,5.0,3.0,4.0
1101,1273.0,1314.0,4.0,5.0,5.0,1.0,5.0
1102,1274.0,1315.0,4.0,2.0,4.0,4.0,5.0
1103,1498.0,1317.0,4.5,4.0,5.0,4.0,4.0
1104,1499.0,1318.0,4.0,4.0,4.0,4.0,4.0
1105,1278.0,1319.0,3.5,4.0,5.0,3.0,2.0
1106,1279.0,1320.0,4.0,3.0,4.0,5.0,4.0
1107,1280.0,1321.0,4.0,5.0,2.0,4.0,5.0
1108,1281.0,1322.0,3.5,4.0,5.0,4.0,1.0
1109,1282.0,1323.0,3.5,4.0,4.0,4.0,1.0
1110,1283.0,1324.0,3.5,4.0,3.0,3.0,4.0
1111,1327.0,1327.0,3.5,1.0,5.0,4.0,4.0
1112,1328.0,1328.0,3.0,3.0,4.0,3.0,1.0
1113,1329.0,1329.0,4.0,4.0,3.0,4.0,5.0
1114,1330.0,1330.0,4.5,3.0,5.0,5.0,4.0
1115,1331.0,1331.0,4.0,4.0,5.0,5.0,1.0
1116,1332.0,1332.0,3.0,2.0,4.0,1.0,5.0
1117,1333.0,1333.0,4.0,3.0,5.0,4.0,4.0
1118,1334.0,1334.0,4.0,5.0,4.0,4.0,3.0
1119,1335.0,1335.0,3.0,1.0,4.0,4.0,3.0
1120,1337.0,1337.0,4.0,4.0,5.0,3.0,4.0
1121,1338.0,1338.0,4.0,4.0,4.0,3.0,4.0
1122,1339.0,1339.0,4.5,5.0,5.0,4.0,4.0
1123,1340.0,1340.0,4.0,5.0,2.0,4.0,5.0
1124,1341.0,1341.0,4.5,5.0,4.0,5.0,4.0
1125,1342.0,1342.0,3.5,4.0,2.0,4.0,4.0
1126,1343.0,1343.0,4.5,5.0,3.0,5.0,5.0
1127,1344.0,1344.0,4.0,5.0,2.0,4.0,4.0
1128,1346.0,1346.0,4.5,4.0,5.0,4.0,4.0
1129,1347.0,1347.0,4.0,4.0,2.0,4.0,5.0
1130,1349.0,1349.0,4.5,4.0,5.0,3.0,5.0
1131,1351.0,1351.0,4.5,5.0,5.0,5.0,2.0
1132,1352.0,1352.0,4.5,4.0,4.0,4.0,5.0
1133,1353.0,1353.0,3.5,5.0,4.0,1.0,4.0
1134,1354.0,1354.0,4.0,4.0,5.0,3.0,4.0
1135,1271.0,1355.0,3.0,1.0,2.0,4.0,4.0
1136,1272.0,1356.0,4.0,3.0,5.0,3.0,5.0
1137,1274.0,1358.0,5.0,5.0,5.0,4.0,5.0
1138,1497.0,1359.0,5.0,5.0,5.0,5.0,4.0
1139,1498.0,1360.0,4.5,4.0,3.0,5.0,5.0
1140,1280.0,1364.0,3.5,1.0,4.0,5.0,4.0
1141,1282.0,1366.0,5.0,5.0,5.0,5.0,5.0
1142,1283.0,1367.0,3.0,4.0,5.0,1.0,2.0
1143,1284.0,1368.0,4.5,5.0,4.0,4.0,4.0
1144,1369.0,1369.0,4.0,5.0,3.0,3.0,5.0
1145,1371.0,1371.0,3.5,2.0,4.0,5.0,3.0
1146,1372.0,1372.0,3.5,4.0,3.0,4.0,2.0
1147,1373.0,1373.0,4.0,4.0,3.0,4.0,5.0
1148,1375.0,1375.0,4.5,5.0,4.0,5.0,4.0
1149,1376.0,1376.0,4.5,4.0,5.0,4.0,4.0
1150,1377.0,1377.0,4.0,5.0,4.0,2.0,4.0
1151,1378.0,1378.0,4.5,4.0,5.0,4.0,5.0
1152,1379.0,1379.0,4.0,5.0,4.0,2.0,4.0
1153,1380.0,1380.0,4.5,4.0,3.0,5.0,5.0
1154,1381.0,1381.0,4.0,4.0,5.0,4.0,3.0
1155,1384.0,1384.0,5.0,5.0,4.0,5.0,5.0
1156,1385.0,1385.0,4.0,5.0,2.0,4.0,5.0
1157,1386.0,1386.0,4.0,4.0,4.0,4.0,4.0
1158,1387.0,1387.0,4.5,4.0,5.0,4.0,4.0
1159,1388.0,1388.0,4.5,5.0,5.0,4.0,4.0
1160,1389.0,1389.0,3.0,5.0,3.0,2.0,1.0
1161,1390.0,1390.0,4.0,4.0,5.0,5.0,1.0
1162,1391.0,1391.0,3.5,5.0,4.0,3.0,1.0
1163,1392.0,1392.0,4.0,3.0,4.0,4.0,5.0
1164,1393.0,1393.0,4.5,4.0,5.0,5.0,4.0
1165,1395.0,1395.0,4.5,5.0,5.0,3.0,4.0
1166,1396.0,1396.0,4.0,2.0,5.0,4.0,4.0
1167,1397.0,1397.0,4.0,4.0,3.0,5.0,3.0
1168,1398.0,1398.0,3.5,5.0,3.0,1.0,5.0
1169,1399.0,1399.0,5.0,5.0,5.0,5.0,4.0
1170,1400.0,1400.0,5.0,5.0,4.0,5.0,5.0
1171,1401.0,1401.0,4.5,5.0,4.0,5.0,4.0
1172,1402.0,1402.0,4.0,5.0,4.0,2.0,4.0
1173,1403.0,1403.0,4.5,5.0,5.0,5.0,3.0
1174,1404.0,1404.0,4.0,3.0,5.0,4.0,4.0
1175,1405.0,1405.0,4.0,5.0,5.0,1.0,5.0
1176,1406.0,1406.0,3.5,2.0,3.0,4.0,5.0
1177,1407.0,1407.0,4.5,5.0,4.0,4.0,4.0
1178,1408.0,1408.0,3.5,5.0,4.0,3.0,1.0
1179,1409.0,1409.0,3.0,5.0,3.0,3.0,1.0
1180,1410.0,1410.0,5.0,4.0,5.0,5.0,5.0
1181,1411.0,1411.0,4.0,1.0,5.0,5.0,4.0
1182,1414.0,1414.0,4.5,3.0,5.0,5.0,4.0
1183,1416.0,1416.0,4.0,3.0,4.0,5.0,4.0
1184,1417.0,1417.0,4.0,5.0,1.0,5.0,4.0
1185,1418.0,1418.0,4.5,4.0,5.0,5.0,4.0
1186,1419.0,1419.0,3.5,2.0,4.0,3.0,5.0
1187,1420.0,1420.0,4.0,3.0,5.0,4.0,4.0
1188,1422.0,1422.0,4.0,5.0,4.0,2.0,4.0
1189,1423.0,1423.0,4.5,4.0,5.0,5.0,4.0
1190,1425.0,1425.0,4.0,4.0,5.0,4.0,2.0
1191,1427.0,1427.0,5.0,5.0,5.0,5.0,4.0
1192,1428.0,1428.0,4.0,4.0,5.0,2.0,5.0
1193,1429.0,1429.0,4.0,5.0,5.0,4.0,2.0
1194,1271.0,1430.0,4.5,5.0,4.0,5.0,4.0
1195,1272.0,1431.0,4.0,4.0,4.0,4.0,4.0
1196,1273.0,1432.0,3.5,1.0,4.0,4.0,4.0
1197,1274.0,1433.0,4.5,5.0,4.0,3.0,5.0
1198,1497.0,1434.0,5.0,5.0,5.0,5.0,4.0
1199,1498.0,1435.0,3.5,4.0,4.0,4.0,1.0
1200,1499.0,1436.0,4.5,5.0,4.0,4.0,5.0
1201,1281.0,1440.0,4.0,4.0,4.0,4.0,4.0
1202,1282.0,1441.0,3.0,2.0,4.0,4.0,2.0
1203,1283.0,1442.0,4.5,4.0,5.0,5.0,3.0
1204,1284.0,1443.0,3.5,4.0,4.0,2.0,4.0
1205,1444.0,1444.0,4.0,4.0,4.0,3.0,5.0
1206,1445.0,1445.0,4.0,5.0,2.0,4.0,5.0
1207,1446.0,1446.0,4.0,2.0,4.0,5.0,5.0
1208,1447.0,1447.0,4.0,5.0,2.0,5.0,3.0
1209,1448.0,1448.0,5.0,5.0,5.0,5.0,5.0
1210,1449.0,1449.0,5.0,5.0,5.0,4.0,5.0
1211,1453.0,1453.0,4.0,3.0,5.0,2.0,5.0
1212,1454.0,1454.0,4.5,3.0,4.0,5.0,5.0
1213,1455.0,1455.0,4.5,5.0,4.0,4.0,4.0
1214,1456.0,1456.0,3.0,3.0,4.0,4.0,1.0
1215,1457.0,1457.0,4.5,5.0,4.0,5.0,3.0
1216,1458.0,1458.0,4.0,2.0,4.0,4.0,5.0
1217,1459.0,1459.0,4.0,5.0,4.0,3.0,4.0
1218,1461.0,1461.0,3.0,1.0,5.0,5.0,1.0
1219,1462.0,1462.0,5.0,5.0,5.0,5.0,5.0
1220,1463.0,1463.0,4.5,4.0,4.0,5.0,4.0
1221,1464.0,1464.0,3.5,5.0,4.0,4.0,1.0
1222,1465.0,1465.0,4.0,4.0,3.0,4.0,4.0
1223,1466.0,1466.0,2.5,1.0,1.0,3.0,4.0
1224,1467.0,1467.0,4.0,4.0,3.0,4.0,4.0
1225,1468.0,1468.0,4.0,4.0,4.0,3.0,5.0
1226,1469.0,1469.0,5.0,5.0,5.0,5.0,4.0
1227,1470.0,1470.0,5.0,5.0,5.0,5.0,4.0
1228,1471.0,1471.0,4.5,4.0,4.0,5.0,5.0
1229,1472.0,1472.0,4.0,3.0,2.0,5.0,5.0
1230,1473.0,1473.0,4.5,5.0,2.0,5.0,5.0
1231,1474.0,1474.0,4.5,5.0,5.0,4.0,4.0
1232,1271.0,1475.0,4.5,4.0,4.0,5.0,5.0
1233,1272.0,1476.0,2.5,5.0,3.0,1.0,1.0
1234,1273.0,1477.0,4.0,4.0,5.0,2.0,4.0
1235,1274.0,1478.0,3.5,4.0,2.0,4.0,4.0
1236,1498.0,1480.0,4.0,4.0,4.0,4.0,3.0
1237,1278.0,1482.0,3.5,5.0,5.0,3.0,1.0
1238,1279.0,1483.0,4.5,5.0,4.0,5.0,3.0
1239,1280.0,1484.0,4.5,4.0,5.0,4.0,5.0
1240,1281.0,1485.0,3.5,1.0,3.0,5.0,5.0
1241,1282.0,1486.0,4.5,5.0,4.0,4.0,5.0
1242,1284.0,1488.0,4.0,5.0,4.0,4.0,3.0
1243,1491.0,1491.0,3.5,4.0,1.0,5.0,4.0
1244,1492.0,1492.0,4.5,4.0,4.0,5.0,4.0
1245,1493.0,1493.0,4.5,5.0,5.0,4.0,4.0
1246,1494.0,1494.0,5.0,5.0,4.0,5.0,5.0
1247,1497.0,1497.0,4.0,5.0,5.0,2.0,4.0
1248,1498.0,1498.0,3.0,2.0,3.0,2.0,4.0
1249,1500.0,1500.0,4.0,4.0,4.0,3.0,5.0
1250,1502.0,1502.0,4.0,4.0,5.0,5.0,2.0
